{
  "summary" : "Kotlin course.\nCreated: Oct 6, 2020, 8:44:37 AM.",
  "title" : "Rekursion",
  "authors" : [
    "Nemig"
  ],
  "programming_language" : "kotlin",
  "language" : "en",
  "course_type" : "PyCharm",
  "solutions_hidden" : true,
  "items" : [
    {
      "title" : "Rekursion",
      "task_list" : [
        {
          "name" : "Fakultät",
          "files" : {
            "src/Task.kt" : {
              "name" : "src/Task.kt",
              "placeholders" : [
                {
                  "offset" : 17,
                  "length" : 8,
                  "possible_answer" : ": Long {\n    return when {\n        n == 0 -> 1\n        else -> fak(n-1)*n\n    }\n}",
                  "placeholder_text" : "= TODO()"
                }
              ],
              "is_visible" : true,
              "text" : "fun fak(n : Int) = TODO()"
            },
            "test/Tests.kt" : {
              "name" : "test/Tests.kt",
              "placeholders" : [ ],
              "is_visible" : false,
              "text" : "import org.junit.Assert\nimport org.junit.Test\n\nclass Test {\n    @Test fun testFak5() {\n        Assert.assertEquals(120, fak(5))\n    }\n    @Test fun testFak0() {\n        Assert.assertEquals(1, fak(0))\n    }\n    @Test fun testFak10() {\n        Assert.assertEquals(3628800, fak(10))\n    }\n    @Test fun testFak14() {\n        Assert.assertEquals(87178291200, fak(14))\n    }\n}"
            }
          },
          "description_text" : "# Fakultät\nImplementieren Sie die Funktion `fak(n:Int)` so dass sie die Fakultät von `n` rekursiv berechnet",
          "description_format" : "MD",
          "feedback_link" : {
            "link_type" : "STEPIK"
          },
          "task_type" : "edu"
        },
        {
          "name" : "Fibonacci",
          "files" : {
            "src/Task.kt" : {
              "name" : "src/Task.kt",
              "placeholders" : [ ],
              "is_visible" : true,
              "text" : "fun fib(n : Int) : Int {\n    return when {\n        n <= 2 -> 1\n        else -> fib(n-1)+fib(n-2)\n    }\n}"
            },
            "test/Tests.kt" : {
              "name" : "test/Tests.kt",
              "placeholders" : [ ],
              "is_visible" : false,
              "text" : "import org.junit.Assert\nimport org.junit.Test\n\nclass Test {\n    @Test fun testFib4() {\n         Assert.assertEquals(3, fib(4))\n    }\n    @Test fun testFib20() {\n        Assert.assertEquals(6765, fib(20))\n    }\n    @Test fun testFib30() {\n        Assert.assertEquals(832040, fib(30))\n    }\n    @Test fun testFib0() {\n        Assert.assertEquals(1, fib(1))\n    }\n    @Test fun testFib2() {\n        Assert.assertEquals(1, fib(2))\n    }\n\n}"
            }
          },
          "description_text" : "<html>\n<p>This is a task description file.\nIts content will be displayed to a learner\nin the <strong>Task Description</strong> window.</p>\n\n<p>It supports both Markdown and HTML.\nTo toggle the format, you can rename <strong>task.md</strong>\nto <strong>task.html</strong>, or vice versa.\nThe default task description format can be changed\nin <strong>Preferences | Tools | Education</strong>,\nbut this will not affect any existing task description files.</p>\n\n<p>The following features are available in\n<strong>task.md/task.html</strong>\nwhich are specific to the EduTools plugin:</p>\n\n<ul>\n<li>Hints can be added anywhere in the task text.\nType \"hint\" and press Tab.\nHints should be added to an empty line in the task text.\nIn hints you can use HTML only.\n<div class=\"hint\">Text of your hint</div></li>\n\n<li>You can insert shortcuts in the task description.\nWhile <strong>task.html/task.md</strong> is open,\nright-click anywhere on the <strong>Editor</strong> tab\nand choose the <strong>Insert shortcut</strong> option\nfrom the context menu.\nFor example: &amp;shortcut:FileStructurePopup;.</li><br>\n\n<li>Insert the &percnt;<code>IDE_NAME</code>&percnt; macro,\nwhich will be replaced by the actual IDE name.\nFor example, <strong>%IDE_NAME%</strong>.</li><br>\n\n<li>Insert PSI elements, by using links like\n<code>&lt;a href=\"psi_element://link.to.element\"&gt;element description&lt;/a&gt;</code>.\nTo get such a link, right-click the class or method\nand select <strong>Copy Reference</strong>.\nThen press &amp;shortcut:EditorPaste;\nto insert the link where appropriate.\nFor example, a\n<a href=\"psi_element://java.lang.String#contains\">link to the \"contains\" method</a>.</li>\n</ul>\n</html>",
          "description_format" : "HTML",
          "feedback_link" : {
            "link_type" : "STEPIK"
          },
          "task_type" : "edu"
        }
      ],
      "type" : "lesson"
    }
  ],
  "additional_files" : [
    {
      "name" : "build.gradle",
      "placeholders" : [ ],
      "is_visible" : true,
      "text" : "buildscript {\n    ext.kotlin_version = '1.4.10'\n\n    repositories {\n        mavenCentral()\n        \n    }\n\n    dependencies {\n        classpath \"org.jetbrains.kotlin:kotlin-gradle-plugin:$kotlin_version\"\n    }\n}\n\ndef printOutput(def output) {\n    return tasks.create(\"printOutput\") {\n        for (line in output.toString().readLines()) {\n            println \"#educational_plugin\" + line\n        }\n    }\n}\n\nsubprojects {\n    apply plugin: 'application'\n    apply plugin: 'java'\n    apply plugin: 'kotlin'\n\n    sourceCompatibility = 1.8\n\n    repositories {\n        mavenCentral()\n        \n    }\n\n    dependencies {\n        compile \"org.jetbrains.kotlin:kotlin-stdlib-jdk8:$kotlin_version\"\n        testCompile group: 'junit', name: 'junit', version: '4.12'\n    }\n\n    compileKotlin.destinationDir = compileJava.destinationDir\n\n    compileKotlin {\n        kotlinOptions.jvmTarget = \"1.8\"\n    }\n    compileTestKotlin {\n        kotlinOptions.jvmTarget = \"1.8\"\n    }\n\n    sourceSets {\n        main {\n            kotlin.srcDir 'src'\n            java.srcDir 'src'\n        }\n        test {\n            kotlin.srcDir 'test'\n            java.srcDir 'test'\n        }\n    }\n\n    mainClassName = project.hasProperty(\"mainClass\") ? project.getProperty(\"mainClass\") : \"\"\n    test {\n        outputs.upToDateWhen { false }\n        afterTest { TestDescriptor test, TestResult result ->\n            if (result.resultType == TestResult.ResultType.FAILURE) {\n                def message = result.exception?.message ?: \"Wrong answer\"\n                def lines = message.readLines()\n                println \"#educational_plugin FAILED + \" + lines[0]\n                lines.subList(1, lines.size()).forEach { line ->\n                  println \"#educational_plugin\" + line\n                }\n                // we need this to separate output of different tests\n                println()\n            }\n        }\n    }\n\n    def runOutput = new ByteArrayOutputStream()\n    tasks.run.setStandardOutput(runOutput)\n    tasks.run.doLast { printOutput(runOutput) }\n}\n\nproject(':util') {\n    dependencies {\n        compile group: 'junit', name: 'junit', version: '4.12'\n    }\n}\n\nconfigure(subprojects.findAll {it.name != 'util'}) {\n  dependencies {\n    compile project(':util').sourceSets.main.output\n    testCompile project(':util').sourceSets.test.output\n  }\n}\n"
    }
  ],
  "version" : 11
}